id;ref address;query;query lon;query lat;result 1;result 2;result 3;result 4;result 5;
0;9, rue du commandant rivière, paris;9 rue du commandant riv;2.308;48.873;9 rue du commandant rivière, paris;;;;;
1;161 rue de bourgogne, orléans;161 rue de bour;1.912;47.9;161 rue de bourgogne, orleans;;;;;
2;17 rue pierre bouvier, fontaines-sur-saône;17 rue pierre bou;4.849;45.834;17 rue pierre bouvier, fontaines-sur-saône;;;;;
3;442 rue de lille, roncq;442 rue de li;3.122;50.767;442 rue de lille, halluin;;;;;
4;7, route du pontel, jouars-pontchartrain;7 route du pon;1.9;48.803;7 route du pontel, pontchartrain;;;;;
5;9 rue henri drussy, blois;9 rue henri dru;1.336;47.587;9 rue henri drussy, blois;;;;;
6;75 av. des champs-élysées, paris;75 av. des champs-;2.303;48.871;75 avenue des champs élysées, paris;;;;;
7;boulevard des pyrénées, oloron-sainte-marie;boulevard des pyré;-0.62;43.191;9 boulevard des pyrénées, oloron-sainte-marie;11 boulevard des pyrénées, oloron-sainte-marie;10 boulevard des pyrénées, oloron-sainte-marie;8 boulevard des pyrénées, oloron-sainte-marie;7 boulevard des pyrénées, oloron-sainte-marie;
8;1 avenue de l'industrie, rebais;1 avenue de l'ind;3.239;48.851;1 avenue de l'industrie, rebais;;;;;
9;51, rue du général de gaulle, kirchheim;51 rue du général de gau;7.494;48.608;51 rue du général de gaulle, marlenheim;;;;;
10;25 avenue de villeneuve saint-georges, choisy-le-roi;25 avenue de villeneuve saint-;2.416;48.765;25 avenue de villeneuve-saint-georges, choisy-le-roi;25 avenue victor hugo, choisy-le-roi;25 avenue des chalets, choisy-le-roi;25 avenue d'alfortville, choisy-le-roi;25 avenue du docteur charcot, choisy-le-roi;
11;17 rue barbès, ivry-sur-seine;17 rue bar;2.373;48.817;17 rue barbès, ivry-sur-seine;;;;;
12;6 allée megevie, gradignan;6 allée meg;-0.641;44.774;6 allée megevie, gradignan;;;;;
13;29, route de banyuls, portvendres;29 route de ban;3.109;42.513;29 route de banyuls, undefined;;;;;
14;3, rue raymond grimaud, blagnac;3 rue raymond gri;1.375;43.639;3 rue raymond grimaud, blagnac;;;;;
15;11, rue de la devise, bordeaux;11 rue de la dev;-0.571;44.84;11 rue de la devise, bordeaux;;;;;
16;48 rue monsieur le prince, paris;48 rue monsieur le pri;2.34;48.848;48 rue monsieur le prince, paris;;;;;
17;66 rue de bonnel, lyon;66 rue de bon;4.85;45.762;66 rue de bonnel, lyon;;;;;
18;62, rue pergolèse, paris;62 rue perg;2.281;48.873;62 rue pergolèse, paris;;;;;
19;18, rue du faubourg-de-saverne, strasbourg;18 rue du faubourg-;7.74;48.586;;;;;;
20;1 rue jean bologne, paris;1 rue jean bol;2.28;48.857;1 rue jean bologne, paris;;;;;
21;col de l'encrenaz, la côte-d&#39;arbroz;col de l'enc;6.63;46.171;;;;;
22;10, rue rougemont, paris;10 rue roug;2.346;48.872;10 rue rougemont, paris;10 rue de la boule rouge, paris;;;;
23;1 rue legrand, malakoff;1 rue leg;2.304;48.824;1 rue legrand, malakoff;;;;;
24;8, boulevard du maréchal joffre, rueil-malmaison;8 boulevard du maréchal jof;2.183;48.879;8 boulevard du maréchal joffre, rueil-malmaison;8 boulevard du maréchal foch, rueil-malmaison;8 boulevard de l'hôpital stell, rueil-malmaison;8 boulevard solférino, rueil-malmaison;8 boulevard du général de gaulle, rueil-malmaison;
25;13 rue royale, annecy;13 rue roy;6.123;45.9;13 rue royale, annecy;;;;;
26;4 chemin des pierres de moulin, le rouret;4 chemin des pierres de mou;7.006;43.675;4 chemin des pierres de moulin, saint-pons;;;;;
27;9 rue de crussol, paris;9 rue de cru;2.368;48.864;9 rue de crussol, paris;;;;;
28;123 rue oberkampf, paris;123 rue ober;2.379;48.866;123 rue oberkampf, paris;;;;;
29;42 rue des acacias, paris;42 rue des aca;2.293;48.877;42 rue des acacias, paris;;;;;
30;64 rue de gand, lille;64 rue de ga;3.068;50.643;64 rue de gand, lille;;;;;
31;484 avenue de la république, la roquette-sur-siagne;484 avenue de la répub;6.951;43.578;484 avenue de la république, saint-jean;;;;;
32;ferme auberge de treh, markstein, kruth;ferme auberge de treh mark;6.966;47.931;;;;;;
33;6 rue de la salle, saint-germain-en-laye;6 rue de la sa;2.093;48.897;6 rue de la salle, saint-germain-en-laye;;;;;
34;10 rue chef de ville, la rochelle;10 rue chef de vi;-1.154;46.158;10 rue chef de ville, la rochelle;;;;;
35;34 route de port d&#39;alon, saint-cyr-sur-mer;34 route de port d&#39;5.715;43.166;;;;;
36;125 route du verdon, arsac;125 route du ver;-0.739;44.982;125 route du verdon, undefined;;;;;
37;15 rue de wattignies, paris;15 rue de watti;2.393;48.837;15 rue de wattignies, paris;;;;;
38;65 avenue paul vaillant couturier, arcueil;65 avenue paul vaillant cout;2.345;48.799;65 avenue paul vaillant-couturier, arcueil;65 avenue gabriel peri, arcueil;65 avenue du président salvador allende, villejuif;;;
39;85 rue de la monnaie, lille;85 rue de la mon;3.062;50.642;85 rue de la monnaie, lille;;;;;
40;99 avenue de stalingrad, arles;99 avenue de stali;4.637;43.691;99 avenue de stalingrad, arles;99 avenue de hongrie, arles;;;;
41;1 rue de billancourt, boulogne-billancourt;1 rue de billa;2.235;48.845;1 rue de billancourt, boulogne-billancourt;;;;;
42;29, bd kennedy, cagnes-sur-mer;29 bd ken;7.152;43.651;;;;;;
43;18, grande rue, marly-le-roi;18 grande r;2.095;48.867;18 grande rue, marly-le-roi;;;;;
44;6 rue de la sourdière, paris;6 rue de la sour;2.332;48.865;6 rue de la sourdière, paris;;;;;
45;95 boulevard longchamp, marseille;95 boulevard long;5.391;43.303;95 boulevard longchamp, marseille;;;;;
46;zac les terrages, viry-noureuil;zac les terr;3.252;49.639;;;;;;
47;17, rue roger bouvry, seclin;17 rue roger bou;3.029;50.549;17 rue roger bouvry, seclin;;;;;
48;72, quai de l'hôtel de ville, paris;72 quai de l'hôtel de vi;2.355;48.855;72 quai de l'hôtel de ville, paris;;;;;
49;80 avenue gambetta, maisons-alfort;80 avenue gamb;2.444;48.81;80 avenue gambetta, maisons-alfort;80 avenue georges clemenceau, maisons-alfort;80 avenue du général leclerc, maisons-alfort;;;
50;87 rue jean de la fontaine, sainte-savine;87 rue jean de la font;4.045;48.299;87 rue jean de la fontaine, sainte-savine;;;;;
51;39 rue saint-jean, laon;39 rue saint;3.618;49.564;39 rue saint-jean, laon;39 rue saint-martin, laon;;;;
52;29, rue remparts d'ainay, lyon;29 rue remparts d'a;4.831;45.753;29 rue des remparts d'ainay, lyon;;;;;
53;524 chemin du praz, les contamines-montjoie;524 chemin du pr;6.724;45.802;524 chemin du praz, undefined;;;;;
54;allée loïc caradec, vannes;allée loïc car;-2.762;47.636;1 allée loic caradec, vannes;14 allée loic caradec, vannes;5 allée loic caradec, vannes;16 allée loic caradec, vannes;3 allée loic caradec, vannes;
55;13 rue lamartine, paris, france, paris;13 rue lamartine paris, fra;2.342;48.877;;;;;;
56;10 place grenette, grenoble;10 place gren;5.727;45.191;10 place grenette, grenoble;10 place sainte-claire, grenoble;10 place victor hugo, grenoble;10 place notre-dame, grenoble;10 place de metz, grenoble;
57;2 avenue honoré serres, toulouse;2 avenue honoré ser;1.439;43.612;2 avenue honoré serres, toulouse;2 avenue des minimes, toulouse;;;;
58;13 rue pierre bray, neuilly-sous-clermont;13 rue pierre br;2.429;49.349;13 rue pierre bray, undefined;;;;;
59;35 rue mauconseil, paris;35 rue mauco;2.347;48.864;35 rue mauconseil, paris;;;;;
60;11, rue de saint-julien, saint-julien-beychevelle;11 rue de saint-;-0.741;45.165;11 rue de saint-julien, undefined;;;;;
61;1, rue de billancourt, boulogne-billancourt;1 rue de billa;2.235;48.845;1 rue de billancourt, boulogne-billancourt;;;;;
62;154 boulevard haussmann, paris;154 boulevard haus;2.311;48.876;154 boulevard haussmann, paris;;;;;
63;121 rue de vaugirard, paris;121 rue de vaug;2.319;48.845;121 rue de vaugirard, paris;;;;;
64;39, rue saint jean, lyon;39 rue saint je;4.827;45.761;39 rue saint-jean, lyon;;;;;
65;3, rue jean-pierre timbaud, montigny-le-bretonneux;3 rue jean-pierre tim;2.037;48.792;;;;;;
66;7 avenue gambetta, paris;7 avenue gamb;2.389;48.864;7 avenue gambetta, paris;;;;;
67;chemin des planchettes, pierrelatte;chemin des planc;4.713;44.361;5000 chemin des planchettes, undefined;;;;;
68;4, rue eugène giraud, valbonne;4 rue eugène gir;7.009;43.641;4 rue eugène giraud, valbonne;;;;;
69;31 avenue de la bourdonnais, paris;31 avenue de la bourd;2.299;48.859;31 avenue de la bourdonnais, paris;31 avenue rapp, paris;31 avenue bosquet, paris;31 avenue de suffren, paris;;
70;120, rue saint-maur, paris;120 rue saint;2.376;48.867;120 rue saint-maur, paris;;;;;
71;rue du 8 mai 1945, mantes-la-ville;rue du 8 mai 19;1.719;48.976;;;;;;
72;70 bis, boulevard auguste blanqui, paris;70 bis boulevard auguste bla;2.348;48.83;;;;;;
73;188 grand rue, poitiers;188 grand r;0.345;46.583;188 grand-rue, poitiers;;;;;
74;41 avenue du général de gaulle, saint-mandé;41 avenue du général de gau;2.418;48.842;41 avenue du général de gaulle, saint-mandé;;;;;
75;21 rue du maréchal de lattre de tassigny, arcachon;21 rue du maréchal de lattre de tass;-1.173;44.661;21 rue du maréchal de lattre de tassigny, arcachon;;;;;
76;2, boulevard des écoles, bailly-romainvilliers;2 boulevard des éco;2.819;48.85;2 boulevard des écoles, magny-le-hongre;;;;;
77;30, quai fernand crouan, nantes;30 quai fernand cro;-1.565;47.207;30 quai fernand crouan, nantes;;;;;
78;3 rue sainte-beuve, paris;3 rue sainte;2.33;48.844;3 rue sainte-beuve, paris;;;;;
79;rue camille flammarion, carcassonne;rue camille flamm;2.387;43.209;6 rue camille flammarion, carcassonne;5 rue camille flammarion, carcassonne;4 rue camille flammarion, undefined;3 rue camille flammarion, carcassonne;5001 rue camille flammarion, carcassonne;
80;137 rue saint-dominique, paris;137 rue saint-d;2.302;48.858;137 rue saint-dominique, paris;;;;;
81;68 avenue gambetta, paris, france, paris;68 avenue gambetta paris, fra;2.402;48.869;;;;;;
82;38 rue principale, heiligenstein;38 rue princ;7.45;48.423;38 rue principale, barr;;;;;
83;55 rue du château d&#39;eau, paris;55 rue du château d&#3;2.355;48.872;;;;;
84;5, rue lazare-carnot, sète;5 rue lazare;3.698;43.403;5 rue lazare carnot, sete;;;;;
85;44 rue des tournelles, paris;44 rue des tourn;2.367;48.856;44 rue des tournelles, paris;;;;;
86;17, rue du choiseul, paris;17 rue du choi;2.336;48.87;;;;;;
87;9, rue saint augustin, paris;9 rue saint augu;2.337;48.869;9 rue saint-augustin, paris;;;;;
88;7 rue de jarente, paris;7 rue de jar;2.363;48.856;7 rue de jarente, paris;7 rue des jardins saint-paul, paris;;;;
89;27 rue racine, le havre;27 rue rac;0.106;49.49;27 rue racine, le havre;;;;;
90;134 espl. le cours, vinon-sur-verdon;134 espl. le co;5.812;43.726;134 esplanade le cours, vinon-sur-verdon;;;;;
91;14 place du grand jardin, vence;14 place du grand jar;7.114;43.722;14 place clemenceau, vence;14 place du grand jardin, vence;;;;
92;33, rue de la plaine des bouchers, strasbourg;33 rue de la plaine des bouc;7.737;48.569;33 rue de la plaine des bouchers, strasbourg;;;;;
93;16 le bourg, lurcy;16 le bo;4.782;46.063;16 le bourg, lurcy;;;;;
94;4, rue des faussets, bordeaux;4 rue des faus;-0.57;44.841;4 rue des faussets, bordeaux;;;;;
95;11 avenue des minimes, toulouse;11 avenue des min;1.437;43.617;11 avenue des minimes, toulouse;11 avenue frédéric estebe, toulouse;;;;
96;36, rue de strasbourg, chalon-sur-saône;36 rue de stras;4.86;46.78;36 rue de strasbourg, chalon-sur-saône;;;;;
97;21 rue du grand pont, rochefort-du-gard;21 rue du grand po;4.688;43.974;21 rue du grand pont, rochefort-du-gard;;;;;
98;30, patio des reflets, courbevoie;30 patio des ref;2.248;48.89;30 patio des reflets, courbevoie;;;;;
99;rue kléber, auch;rue klé;0.589;43.65;1 rue kléber, auch;9001 rue kléber, auch;;;;
100;16, boulevard victor hugo, saint-rémy-de-provence;16 boulevard victor hu;4.832;43.787;16 boulevard victor hugo, saint-rémy-de-provence;16 boulevard mirabeau, saint-rémy-de-provence;16 boulevard marceau, saint-rémy-de-provence;16 boulevard gambetta, saint-rémy-de-provence;;
101;14 rue sauval, paris;14 rue sau;2.343;48.862;14 rue sauval, paris;;;;;
102;60, rue armand caduc, la réole;60 rue armand ca;-0.039;44.582;60 rue armand caduc, la réole;;;;;
103;16 rue jean-jacques rousseau, paris;16 rue jean-jacques rous;2.341;48.863;16 rue jean-jacques rousseau, paris;;;;;
104;19, avenue de narbonne, saint-laurent-de-la-cabrerisse;19 avenue de narb;2.7;43.085;19 avenue de narbonne, saint-laurent-de-la-cabrerisse;;;;;
105;8 rue abel hovelacque, paris;8 rue abel hovel;2.353;48.833;8 rue abel hovelacque, paris;;;;;
106;8, rue tiphaine, paris;8 rue tiph;2.295;48.849;8 rue tiphaine, paris;;;;;
107;2 rue eugène carrière, paris;2 rue eugène carr;2.332;48.889;2 rue eugène carrière, paris;;;;;
108;1 rue orsel, oullins;1 rue or;4.81;45.716;1 rue orsel, oullins;;;;;
109;95 cours du général leclerc, langon;95 cours du général lec;-0.247;44.553;95 cours du général leclerc, langon;;;;;
110;6 bis allée des muletiers, mordelles;6 bis allée des mule;-1.852;48.072;;;;;;
111;6 passage brady, paris;6 passage br;2.355;48.871;6 passage brady, paris;;;;;
112;23, rue petit bonneveau, poitiers;23 rue petit bonn;0.339;46.579;23 rue du petit bonneveau, poitiers;;;;;
113;24 rue du général leclerc, versailles;24 rue du général lec;2.126;48.799;24 rue du général leclerc, versailles;;;;;
114;9 place du marché, palavas-les-flots;9 place du mar;3.932;43.528;9 place du marche, palavas-les-flots;9 place du docteur clément, palavas-les-flots;;;;
115;2, rue des fantasques, lyon;2 rue des fanta;4.837;45.774;2 rue des fantasques, lyon;;;;;
116;70 rue vincent raspail, la garde;70 rue vincent ras;6.01;43.125;70 rue vincent raspail, la garde;;;;;
117;38 avenue de lanessan, champagne-au-mont-d&#39;or;38 avenue de lane;4.793;45.795;38 avenue de lanessan, champagne-au-mont-d'or;;;;
118;16, cours de vincennes, paris;16 cours de vinc;2.4;48.847;16 cours de vincennes, paris;;;;;
119;30 avenue victor hugo, les pavillons-sous-bois;30 avenue victor hu;2.514;48.91;30 avenue victor hugo, les pavillons-sous-bois;30 avenue quesnay, livry-gargan;30 avenue jules guesde, les pavillons-sous-bois;30 avenue marcel sembat, livry-gargan;30 avenue gallieni, livry-gargan;
120;8, place du marché gayot, strasbourg;8 place du marché ga;7.753;48.583;8 place du marche gayot, strasbourg;8 place saint-étienne, strasbourg;8 place des bateliers, strasbourg;8 place de la cathédrale, strasbourg;8 place du marche aux cochons de lait, strasbourg;
121;177 rue sainte-catherine, bordeaux;177 rue sainte-c;-0.573;44.835;177 rue sainte-catherine, bordeaux;;;;;
122;3 rue poissonnière, paris;3 rue poisso;2.348;48.869;3 rue poissonnière, paris;3 rue du faubourg poissonnière, paris;;;;
123;84 avenue secrétan, paris;84 avenue secr;2.378;48.879;84 avenue secretan, paris;84 avenue simón bolívar, paris;;;;
124;43, rue de seine, paris;43 rue de se;2.337;48.855;43 rue de seine, paris;;;;;
125;4 rue pierre leroux, paris;4 rue pierre ler;2.319;48.85;4 rue pierre leroux, paris;;;;;
126;27, route de saint omer, socx;27 route de saint om;2.421;50.934;27 route de saint-omer, socx;;;;;
127;8, rue jean burguet, bordeaux;8 rue jean bur;-0.578;44.834;8 rue jean burguet, bordeaux;;;;;
128;12 rue bourgeot, l&#39;haÿ-les-roses;12 rue bour;2.336;48.779;12 rue bourgeot, l'haÿ-les-roses;;;;
129;restaurant, montclus; resta;4.441;44.263;;;;;;
130;12 rue de charonne, paris;12 rue de char;2.374;48.852;12 rue de charenton, paris;12 rue de charonne, paris;;;;
131;41, rue de la rochefoucauld, paris;41 rue de la rochef;2.335;48.88;41 rue de la rochefoucauld, paris;;;;;
132;12 rue piliers de tutelle, bordeaux;12 rue piliers de tut;-0.574;44.841;12 rue piliers de tutelle, bordeaux;;;;;
133;3 rue charles vii, nogent-sur-marne;3 rue charles v;2.486;48.837;3 rue charles vii, nogent-sur-marne;;;;;
134;175 grande rue charles de gaulles, nogent-sur-marne;175 grande rue charles de gau;2.481;48.836;;;;;;
135;26, avenue des champs elysées, paris;26 avenue des champs ely;2.309;48.869;26 avenue montaigne, paris;26 avenue des champs élysées, paris;26 avenue franklin delano roosevelt, paris;;;
136;4 boulevard de port-royal, paris;4 boulevard de port-;2.351;48.837;4 boulevard de port-royal, paris;4 boulevard arago, paris;;;;
137;25 rue jeanne d'arc, saint-quay-portrieux;25 rue jeanne d';-2.838;48.654;25 rue jeanne d'arc, portrieux;;;;;
138;19 rue georges clemenceau, saint-quay-portrieux;19 rue georges cleme;-2.829;48.647;19 rue georges clemenceau, portrieux;;;;;
139;route de murs, null gordes;route de mu;5.203;43.92;5189 route de murs, undefined;5809 route de murs, gordes;6844 route de murs, gordes;5191 route de murs, gordes;5193 route de murs, gordes;
140;118 rue véron, alfortville;118 rue vé;2.415;48.808;118 rue véron, alfortville;;;;;
141;12, quai marc seguin, tournon-sur-rhône;12 quai marc seg;4.834;45.068;12 quai marc seguin, tournon-sur-rhône;;;;;
142;1 rue pierre brossolette, le plessis-bouchard;1 rue pierre bross;2.236;49.001;1 rue pierre brossolette, le plessis-bouchard;;;;;
143;25, place de bethune, lille;25 place de bet;3.062;50.633;25 place de béthune, lille;25 place jacquart, lille;25 place rihour, lille;25 place du général de gaulle, lille;25 place du théâtre, lille;
144;3 avenue de la république, paris;3 avenue de la répub;2.367;48.867;3 avenue de la république, paris;;;;;
145;3212 chemin de tanvol, viriat;3212 chemin de tan;5.265;46.24;3212 chemin de tanvol, undefined;;;;;
146;61, rue des trois frères, paris;61 rue des trois frè;2.338;48.886;;;;;;
147;52 rue de genève, ferney-voltaire;52 rue de gen;6.115;46.253;52 rue de genève, ferney-voltaire;52 rue de geneve, ferney-voltaire;;;;
148;caillau, vire-sur-lot; cai;1.101;44.48;5946 le caillau, undefined;5170 le caillau, undefined;5077 le caillau, undefined;5134 le caillau, undefined;5197 le caillau, undefined;
149;18 rue de paris, charenton-le-pont;18 rue de pa;2.419;48.819;18 rue de paris, charenton-le-pont;;;;;
150;place diana, la grande-motte;place di;4.091;43.557;38 place diana, la grande-motte;47 place diana, la grande-motte;43 place diana, la grande-motte;51 place diana, la grande-motte;39 place diana, la grande-motte;
151;28 rue kuhn, strasbourg;28 rue ku;7.737;48.585;28 rue kuhn, strasbourg;;;;;
152;9 place du concert, lille;9 place du con;3.061;50.642;9 place du concert, lille;9 place saint-joseph, lille;9 place louise de bettignies, lille;9 place du lion d'or, lille;9 place des patiniers, lille;
153;10 rue brochant, paris;10 rue broc;2.318;48.888;10 rue brochant, paris;;;;;
154;103 rue la boétie, paris;103 rue la boé;2.307;48.871;103 rue la boétie, paris;;;;;
155;79 rue saint-dominique, paris;79 rue saint-d;2.309;48.86;79 rue saint-dominique, paris;;;;;
156;1 place des marronniers, montbazon;1 place des marro;0.713;47.287;1 place des marronniers, montbazon;1 place andré delaunay, montbazon;1 place des anciens combattants, montbazon;;;
157;33 rue guersant, paris;33 rue guer;2.289;48.882;33 rue guersant, paris;;;;;
158;6 boulevard du général de gaulle, draveil;6 boulevard du général de gau;2.392;48.688;6 boulevard du général de gaulle, montgeron;;;;;
159;17 avenue du bel air, paris;17 avenue du bel a;2.397;48.846;17 avenue du bel-air, paris;17 avenue de saint-mandé, paris;17 avenue de taillebourg, paris;17 avenue philippe-auguste, paris;;
160;avenue eugène donadeï, saint-laurent-du-var;avenue eugène don;7.195;43.66;180 avenue eugène donadei, saint-laurent-du-var;188 avenue eugène donadei, saint-laurent-du-var;135 avenue eugène donadei, saint-laurent-du-var;194 avenue eugène donadei, saint-laurent-du-var;120 avenue eugène donadei, saint-laurent-du-var;
161;12 rue neuve, lyon, france, lyon;12 rue neuve lyon, fra;4.835;45.765;;;;;;
162;10, route d'etrez, montrevel-en-bresse;10 route d'e;5.13;46.336;10 route d'étrez, montrevel-en-bresse;10 route de bourg, montrevel-en-bresse;;;;
163;22 rue merigonde, castres;22 rue meri;2.254;43.602;22 rue merigonde, castres;;;;;
164;10 allée des tullistes, écully;10 allée des tull;4.779;45.775;10 allée des tullistes, écully;;;;;
165;4 rue jacques manuel, perpignan;4 rue jacques man;2.895;42.7;4 rue jacques manuel, perpignan;;;;;
166;85 avenue kléber, paris;85 avenue klé;2.289;48.864;85 avenue kléber, paris;85 avenue kléber, paris;85 avenue raymond poincaré, paris;;;
167;5, avenue villermont, nice;5 avenue ville;7.265;43.709;5 avenue villermont, nice;5 avenue du général hoche, nice;5 avenue mirabeau, nice;5 bis avenue mirabeau, nice;5 avenue georges v, nice;
168;74 quai des orfèvres, paris;74 quai des orfè;2.342;48.857;74 quai des orfèvres, paris;;;;;
169;81, rue de rochechouart, paris;81 rue de rochec;2.347;48.882;81 rue de rochechouart, paris;;;;;
170;113, grande rue de la guillotière, lyon;113 grande rue de la guill;4.848;45.751;113 grande rue de la guillotière, lyon;;;;;
171;10, rue des verriers, lyon;10 rue des verr;4.837;45.743;10 rue des verriers, lyon;;;;;
172;15 boulevard denys puech, rodez;15 boulevard denys pu;2.578;44.35;15 boulevard denys puech, rodez;15 boulevard denys puech, le monastère;15 boulevard de la république, rodez;15 boulevard flaugergues, le monastère;15 boulevard belle isle, rodez;
173;45 espl. du maréchal leclerc, ardres;45 espl. du maréchal lec;1.978;50.853;45 esplanade du maréchal leclerc, ardres;;;;;
174;le jarier d'ancenis - d723, ancenis;le jarier d'ancenis - d7;-1.141;47.378;;;;;;
175;27 rue richer, paris;27 rue ric;2.345;48.874;27 rue richer, paris;;;;;
176;2a, route de lyon, brignais;2a route de ly;4.771;45.678;;;;;;
177;45/47, rue albert rémy, ris-orangis;45/47 rue albert ré;2.408;48.657;;;;;;
178;9 avenue du général de gaulle, vélizy-villacoublay;9 avenue du général de gau;2.184;48.785;9 avenue du général de gaulle, vélizy-villacoublay;9 avenue roland garros, vélizy-villacoublay;9/11 avenue louis breguet, vélizy-villacoublay;;;
179;2, place saint germain, sully-sur-loire;2 place saint ger;2.368;47.767;2 place saint-germain, sully-sur-loire;;;;;
180;le guiben, camors;le gui;-3.01;47.8;5803 le guiben, undefined;6839 le guiben, undefined;;;;
181;11b rue massenet, nice;11b rue mass;7.264;43.696;11b rue massenet, nice;;;;;
182;place auguste baret, châteauneuf-le-rouge;place auguste ba;5.567;43.489;5467 place auguste baret, châteauneuf-le-rouge;;;;;
183;17 place de l hôtel de ville, tournus;17 place de l hôtel de vi;4.912;46.562;17 place de l'hôtel de ville, tournus;17 place du champ de mars, tournus;;;;
184;7 allée des marettes, bourgoin-jallieu;7 allée des mare;5.278;45.585;7 allée des marettes, bourgoin-jallieu;;;;;
185;49 cours marc-antoine brillier, vienne;49 cours marc-antoine bril;4.873;45.522;;;;;;
186;16 rue sedaine, paris;16 rue sed;2.372;48.856;16 rue sedaine, paris;;;;;
187;11, faubourg saint-michel, guérande;11 faubourg saint-;-2.426;47.327;11 faubourg saint-michel, guérande;11 faubourg saint-armel, guérande;;;;
188;22 rue pairolière, nice;22 rue pairo;7.279;43.7;22 rue pairolière, nice;;;;;
189;22, rue de ribosi domaine des duc, léguevin;22 rue de ribosi domaine des d;1.257;43.603;;;;;;
190;37, rue malar, paris;37 rue ma;2.306;48.86;37 rue malar, paris;37 rue du champ de mars, paris;;;;
191;45 rue saint-charles, toulouse;45 rue saint-;1.442;43.61;45 rue saint-charles, toulouse;;;;;
192;rue intérieure, paris;rue intér;2.326;48.876;1 rue intérieure, paris;3 rue intérieure, paris;5 rue intérieure, paris;9001 rue intérieure, paris;9004 rue intérieure, paris;
193;16 rue de tolbiac, paris;16 rue de tol;2.375;48.83;16 rue de tolbiac, paris;;;;;
194;quai la pérouse, saint-laurent-du-var;quai la pér;7.183;43.657;0 quai la pérouse, saint-laurent-du-var;;;;;
195;93 rue de la victoire, paris;93 rue de la vict;2.331;48.875;93 rue de la victoire, paris;;;;;
196;31 avenue george v, paris;31 avenue george ;2.3;48.869;31 avenue george v, paris;31 avenue marceau, paris;31 avenue pierre 1er de serbie, paris;;;
197;85, rue saint antoine, paris;85 rue saint ant;2.363;48.854;85 rue saint-antoine, paris;;;;;
198;8 rue du plan d'agde, montpellier;8 rue du plan d'a;3.876;43.608;8 rue du plan d'agde, montpellier;;;;;
199;21 rue de l'horloge, riom;21 rue de l'ho;3.114;45.895;21 rue de l'horloge, riom;;;;;
200;99 rue de la pompe, paris;99 rue de la po;2.278;48.865;99 rue de la pompe, paris;;;;;
201;rue de l'ouest, le cannet;rue de l'o;7.013;43.573;7 rue de l'ouest, le cannet;5 rue de l'ouest, le cannet;4 rue de l'ouest, le cannet;3 rue de l'ouest, le cannet;2 rue de l'ouest, le cannet;
202;78, rue rue haute saint maurice, chinon;78 rue rue haute saint mau;0.24;47.167;;;;;;
203;68 bis, avenue jean moulin, paris;68 bis avenue jean mou;2.32;48.825;68 bis avenue jean moulin, paris;;;;;
204;104 rue de charonne, paris;104 rue de char;2.385;48.854;104 rue de charonne, paris;;;;;
205;1 plage de l'estaque, marseille;1 plage de l'es;5.317;43.36;;;;;;
206;6 rue victor hugo, pantin;6 rue victor hu;2.402;48.895;6 rue victor hugo, pantin;;;;;
207;2 rue saint-michel, nancy;2 rue saint-;6.179;48.697;2 rue saint-michel, nancy;2 rue saint-epvre, nancy;2 rue saint-dizier, nancy;2 rue saint-fiacre, nancy;;
208;20 avenue de la fossé des pressoirs, magny-le-hongre;20 avenue de la fossé des pres;2.807;48.871;20 avenue de la fosse des pressoirs, magny-le-hongre;20 avenue de la fosse des pressoirs, magny-le-hongre;;;;
209;31 avenue jean bart, carry-le-rouet;31 avenue jean ba;5.172;43.334;31 avenue jean bart, sausset-les-pins;31 avenue rené cassin, sausset-les-pins;;;;
210;41, rue dauphine, paris;41 rue daup;2.339;48.854;41 rue dauphine, paris;;;;;
212;1, avenue édouard vii, pau;1 avenue édouard v;-0.359;43.297;1 avenue édouard vii, pau;1 avenue des états-unis, pau;1 avenue san carlos, pau;1 avenue nitot, pau;1 avenue léon say, pau;
213;3, boulevard du maréchal de lattre de tassigny, saumur;3 boulevard du maréchal de lattre de tass;-0.089;47.262;;;;;;
214;24, rue de cotte, paris;24 rue de co;2.378;48.85;24 rue de cotte, paris;;;;;
215;9, avenue du drapeau, dijon;9 avenue du dra;5.044;47.331;9 avenue du drapeau, dijon;9 avenue garibaldi, dijon;9 avenue aristide briand, dijon;;;
216;3 rue de l'isly, paris;3 rue de l'i;2.326;48.875;3 rue de l'isly, paris;3 rue de liege, paris;3 rue de liège, paris;;;
217;5 rue guy de maupassant, yvetot;5 rue guy de maupa;0.753;49.618;5 rue guy de maupassant, yvetot;;;;;
218;le bourg, vézac;le bo;1.164;44.836;;;;;;
219;9 quai du lazaret, marseille;9 quai du laz;5.365;43.306;9 quai du lazaret, marseille;;;;;
220;36 boulevard de la gare, saint-gratien;36 boulevard de la ga;2.285;48.964;36 boulevard de la gare, saint-gratien;;;;;
221;96 route du polygone, strasbourg;96 route du poly;7.759;48.566;96 route du polygone, strasbourg;;;;;
222;9 rue denoyez, paris;9 rue den;2.378;48.871;9 rue dénoyez, paris;;;;;
223;74 rue de france, nice;74 rue de fra;7.255;43.695;74 rue de france, nice;;;;;
224;11, passage central, mulhouse;11 passage cen;7.341;47.748;11 passage central, mulhouse;;;;;
225;115 avenue de la division leclerc, enghien-les-bains;115 avenue de la division lec;2.31;48.973;115 avenue de la division leclerc, enghien-les-bains;115 avenue charles de gaulle, montmorency;;;;
226;9 chemin canto cigalo, saint-rémy-de-provence;9 chemin canto cig;4.841;43.785;9 chemin canto cigalo, saint-rémy-de-provence;;;;;
227;105 avenue des célestins, vichy;105 avenue des céle;3.43;46.126;105 avenue des célestins, vichy;;;;;
228;51 avenue du dr arnold netter, paris;51 avenue du dr arnold net;2.405;48.844;;;;;;
229;18, rue des combattants, la ciotat;18 rue des comba;5.608;43.174;18 rue des combattants, la ciotat;;;;;
230;17, rue des petits-champs, paris;17 rue des petits;2.338;48.866;17 rue des petits champs, paris;17 rue croix des petits champs, paris;;;;
231;94 rue du général de gaulle, village-neuf;94 rue du général de gau;7.571;47.605;94 rue du général de gaulle, basel;;;;;
232;16 avenue de l&#39;opéra, paris;16 avenue de l&#39;2.335;48.865;16 avenue de l'opéra, paris;;;;
233;6, place sainte marie, rully;6 place sainte ma;4.74;46.875;6 place sainte-marie, rully;6 place de la mairie, rully;6 place de la croix blanche, rully;6 bis place de la croix blanche, rully;;
234;3, rue du marais, villers-saint-paul;3 rue du mar;-1.619;48.113;3 rue du petit marais, cesson-sévigné;;;;;
235;14 avenue claude vellefaux, paris;14 avenue claude vell;2.37;48.873;14 avenue claude vellefaux, paris;14 avenue richerand, paris;;;;
236;28 rue du château, le monêtier-les-bains;28 rue du châ;6.508;44.977;;;;;;
237;route nationale 13, chambourcy;route nationale 1;2.034;48.908;;;;;;
238;3, boulevard de la madeleine, paris;3 boulevard de la made;2.327;48.87;3 boulevard de la madeleine, paris;3 boulevard malesherbes, paris;;;;
239;5 rue gioffredo, nice;5 rue giof;7.277;43.702;5 rue gioffredo, nice;;;;;
240;2 passage malaussena, nice;2 passage malau;7.263;43.708;2 passage malaussena, nice;2 passage malausséna, nice;;;;
241;3 place pierre renaudel quartier saint croix, bordeaux;3 place pierre renaudel quartier saint cr;-0.562;44.831;3 place léon duguit, bordeaux;3 place pierre renaudel, bordeaux;3 place du maucaillou, bordeaux;3 place pierre jacques dormoy, bordeaux;3 place casablanca, bordeaux;
242;7, rue des paradoux, toulouse;7 rue des para;1.443;43.598;7 rue des paradoux, toulouse;;;;;
243;499 rue saint-bernard, menthon-saint-bernard;499 rue saint-;6.197;45.859;499 rue saint-bernard, menthon-saint-bernard;;;;;
244;1 place turenne, turckheim;1 place tur;7.278;48.087;1 place turenne, turckheim;1 place de la république, turckheim;;;;
245;146, avenue de la division leclerc, montmorency;146 avenue de la division lec;2.31;48.973;146 avenue charles de gaulle, montmorency;146 avenue de la division leclerc, enghien-les-bains;;;;
246;7 rue mathieu, mâcon;7 rue mat;4.83;46.306;7 rue mathieu, mâcon;;;;;
247;41, quai pierre scize, lyon;41 quai pierre sc;4.816;45.767;41 quai pierre scize, lyon;;;;;
248;32 avenue des carrés, annecy-le-vieux;32 avenue des car;6.143;45.913;32 avenue des carres, annecy-le-vieux;;;;;
249;10, rue marius jacotot, puteaux;10 rue marius jac;2.24;48.883;10 rue marius jacotot, puteaux;;;;;
250;46 rue des hauts pavés, nantes;46 rue des hauts pa;-1.565;47.225;46 rue des hauts pavés, nantes;46 bis rue des hauts pavés, nantes;;;;
251;1 rue villedo, paris;1 rue vil;2.337;48.866;1 rue villedo, paris;1 rue villedo (à l'angle du 41 r richelieu), paris;;;;
252;z.a. du roubian, tarascon;z.a. du rou;4.685;43.79;;;;;;
253;quartier la robéyère, embrun;quartier la robé;6.488;44.56;;;;;;
254;58 rue franklin, lyon;58 rue fran;4.832;45.751;58 rue franklin, lyon;;;;;
255;9 avenue emile evellier, grézieu-la-varenne;9 avenue emile evel;4.693;45.748;9 avenue émile evellier, grézieu-la-varenne;9 avenue lucien blanc, grézieu-la-varenne;;;;
256;9 boulevard de port-royal, paris;9 boulevard de port-;2.35;48.837;9 boulevard de port-royal, paris;9 boulevard arago, paris;;;;
257;15 rue corneille, toulon;15 rue corn;5.934;43.124;15 rue corneille, toulon;;;;;
258;131 boulevard victor hugo, saint-ouen;131 boulevard victor hu;2.323;48.905;131 boulevard victor hugo, saint-ouen;131 boulevard victor hugo, clichy;;;;
259;70 avenue du bourgailh, pessac, france, pessac;70 avenue du bourgailh pessac, fra;-0.663;44.809;;;;;;
260;4-6 place emile cresp, montrouge;4-6 place emile cr;2.319;48.819;;;;;;
261;119 route de vienne, lyon;119 route de vie;4.853;45.737;119 route de vienne, lyon;;;;;
262;49 rue de turenne, paris;49 rue de tur;2.364;48.858;49 rue de turenne, paris;;;;;
263;192, avenue victor-hugo, paris;192 avenue victo;2.274;48.865;192 avenue victor hugo, paris;;;;;
264;paris, null paris; pa;2.307;48.866;9001 passage marignan, paris;2 passage landrieu, paris;;;;
265;16 rue de la buffa, nice;16 rue de la bu;7.262;43.697;16 rue de la buffa, nice;;;;;
266;46, rue jules simon, lorient;46 rue jules si;-3.367;47.758;46 rue jules simon, lorient;;;;;
267;45 avenue de la libération, le coteau;45 avenue de la libér;4.084;46.03;45 avenue de la libération, le coteau;;;;;
268;2, rue françois mouthon, paris;2 rue françois mou;2.291;48.839;2 rue françois mouthon, paris;;;;;
269;200 route de blagnac, toulouse;200 route de bla;1.403;43.626;200 route de blagnac, undefined;;;;;
270;5 route de la corniche, rolleboise;5 route de la corn;1.61;49.023;5 route de la corniche, freneuse;;;;;
271;4 rue de la gare, guebwiller;4 rue de la ga;7.216;47.907;4 rue de la gare, soultz-haut-rhin;;;;;
272;26 place de l'horloge, avignon;26 place de l'ho;4.806;43.95;26 place de l'horloge, avignon;26 place du change, avignon;;;;
273;20 rue du doyen, boulogne-sur-mer;20 rue du do;1.607;50.723;20 rue du doyen, boulogne-sur-mer;20 rue du bras d'or, boulogne-sur-mer;20 bis rue du doyen, boulogne-sur-mer;;;
274;97, rue des dames, paris;97 rue des da;2.317;48.884;97 rue des dames, paris;;;;;
275;48 rue caulaincourt, paris;48 rue caulai;2.335;48.889;48 rue caulaincourt, paris;;;;;
276;8 rue gioffredo, nice;8 rue giof;7.276;43.702;8 rue gioffredo, nice;;;;;
277;118 rue des moines, paris, france, paris;118 rue des moines paris, fra;2.323;48.893;;;;;;
278;rue des lices, angers;rue des li;-0.554;47.469;14 rue des lices, angers;16 rue des lices, angers;5 rue des lices, angers;7 rue des lices, angers;8 rue des lices, angers;
279;3 boulevard victor, paris;3 boulevard vic;2.28;48.836;3 boulevard victor, paris;;;;;
280;34, rue d'estienne d'orves, le pré-saint-gervais;34 rue d'estienne d'o;2.401;48.886;34 rue d'estienne d'orves, le pré-saint-gervais;;;;;
281;159 rue de crimée, paris;159 rue de cri;2.379;48.889;159 rue de crimée, paris;;;;;
282;66 avenue du général leclerc, villemur-sur-tarn;66 avenue du général lec;1.497;43.852;66 avenue du général leclerc, undefined;;;;;
283;6 place de la libération, génicourt;6 place de la libér;2.068;49.089;6 place de la libération, osny;;;;;
284;6, place garibaldi, nice;6 place gari;7.28;43.701;6 place garibaldi, nice;6 place saint-françois, nice;6 place du carret, nice;6 rue place vieille, nice;;
285;10 cours julien, marseille;10 cours jul;5.382;43.296;10 cours julien, marseille;;;;;
286;58, avenue des gobelins, paris;58 avenue des gobe;2.354;48.834;58 avenue des gobelins, paris;;;;;
287;101 rue de colombes, courbevoie;101 rue de colo;2.255;48.904;101 rue de colombes, courbevoie;;;;;
288;25 rue bergère, paris;25 rue ber;2.345;48.872;25 rue bergère, paris;;;;;
289;22 place du forum, reims;22 place du fo;4.035;49.257;22 place du forum, reims;22 place léon bourgeois, reims;22 place myron t herrick, reims;;;
290;215 avenue de la californie, nice;215 avenue de la calif;7.23;43.68;215 avenue de la californie, nice;;;;;
291;4 rue des vanniers, douzy;4 rue des vann;5.043;49.67;;;;;;
292;14 rue d'alexandrie, paris;14 rue d'alex;2.35;48.868;14 rue d'alexandrie, paris;;;;;
293;32 cours de la république, blaye;32 cours de la répub;-0.661;45.13;32 cours de la république, blaye;;;;;
294;9 place du général leclerc, fontenay-sous-bois;9 place du général lec;2.472;48.847;9 place du général leclerc, fontenay-sous-bois;;;;;
295;place paul isnard, vallauris;place paul isn;7.053;43.58;;;;;;
296;5, avenue de saint-germain, maisons-laffitte;5 avenue de saint-;2.143;48.945;5 avenue du général de gaulle, maisons-laffitte;5 avenue de saint-germain, maisons-laffitte;5 avenue de longueil, maisons-laffitte;5 avenue lavoisier, maisons-laffitte;;
297;129, rue lauriston, paris;129 rue laur;2.285;48.865;129 rue lauriston, paris;129 rue lauriston, paris;;;;
298;1, rue du petit pont, paris;1 rue du petit po;2.347;48.853;1 rue du petit pont, paris;;;;;
299;28, quai saint-jean, blois;28 quai saint;1.341;47.589;28 quai saint-jean, blois;;;;;
300;5, rue michelet, dijon;5 rue mich;5.036;47.321;5 rue michelet, dijon;5 rue michel servet, dijon;;;;
301;3 rue montalembert, paris;3 rue montal;2.328;48.857;3 rue montalembert, paris;;;;;
302;6 rue du port, giffaumont-champaubert;6 rue du po;4.759;48.552;;;;;;
303;261, avenue gambetta, paris;261 avenue gamb;2.407;48.877;261 avenue gambetta, paris;;;;;
304;25, montée cardinal decourtray, lyon;25 montée cardinal decou;4.822;45.762;;;;;;
305;83, rue laugier, paris;83 rue lau;2.291;48.885;83 rue laugier, paris;;;;;
306;maison neuve vouzan, 16410 vouzan;maison neuve vou;0.344;45.582;;;;;;
307;5 rue de la paix, paris;5 rue de la pa;2.331;48.869;5 rue de la paix, paris;3/5 rue de la paix, paris;;;;
308;97, rue de charonne, paris;97 rue de char;2.383;48.854;97 rue de charonne, paris;;;;;
309;23, rue d'aguesseau, boulogne-billancourt;23 rue d'agu;2.236;48.844;23 rue d'aguesseau, boulogne-billancourt;;;;;
310;1 bis, rue des colonels renard, paris;1 bis rue des colonels ren;2.291;48.878;;;;;;
311;355 rue du centre aéré, saint-paul-lès-dax;355 rue du centre aé;-1.063;43.729;355 rue du centre aère, saint-paul-lès-dax;;;;;
312;place granet, belgentier;place gra;6;43.245;1 place édouard granet, belgentier;5133 place édouard granet, belgentier;9100 place édouard granet, belgentier;5000 place édouard granet, belgentier;150 place édouard granet, belgentier;
313;46 rue des vignoles, paris;46 rue des vign;2.401;48.854;46 rue des vignoles, paris;;;;;
314;119-121 avenue pierre brossolette, montrouge;119-121 avenue pierre bross;2.307;48.817;;;;;;
315;59, rue servan, paris;59 rue ser;2.381;48.864;59 rue servan, paris;;;;;
316;2 rue fénelon, tournus;2 rue fén;4.909;46.565;2 rue fénelon, tournus;;;;;
317;16 rue des archives, paris;16 rue des arch;2.355;48.858;16 rue des archives, paris;;;;;
318;allée jacques duclos, boulazac;allée jacques duc;0.777;45.185;;;;;;
319;13, rue louison bobet, biarritz;13 rue louison bo;-1.554;43.488;13 rue louison bobet, biarritz;;;;;
320;33, avenue de la mouscane, montech;33 avenue de la mous;1.241;43.963;;;;;;
321;66 rue grande, moret-sur-loing;66 rue gra;2.818;48.373;66 rue grande, moret-sur-loing;66 rue grande (moret-sur-loing), moret-sur-loing;;;;
322;15 rue letort, paris;15 rue let;2.343;48.894;15 rue letort, paris;;;;;
323;4 rue saint-laurent, paris;4 rue saint-;2.359;48.876;4 rue saint-laurent, paris;4 rue de saint-quentin, paris;;;;
324;34, place aux huiles, marseille;34 place aux hui;5.372;43.292;34 place aux huiles, marseille;34 place vivaux, marseille;;;;
325;13 rue de la fontaine de chalet, massiac;13 rue de la fontaine de cha;3.201;45.274;13 rue de la fontaine de chalet, undefined;;;;;
326;domaine de massane, baillargues;domaine de mas;4.005;43.649;;;;;;
327;26 rue pierre brossolette, asnières-sur-oise;26 rue pierre bross;2.355;49.132;26 rue pierre brossolette, viarmes;;;;;
328;186 avenue charles de gaulle, neuilly-sur-seine;186 avenue charles de gau;2.258;48.886;186 avenue charles de gaulle, neuilly-sur-seine;;;;;
329;9 rue du grand pré, lourmarin;9 rue du grand p;5.364;43.765;9 rue du grand pré, lourmarin;;;;;
330;36 rue saint-georges, rennes;36 rue saint-;-1.676;48.112;36 rue saint-georges, rennes;36 rue saint-melaine, rennes;36 rue saint-malo, rennes;36 rue de saint-malo, rennes;;
331;37 boulevard du général leclerc, roubaix;37 boulevard du général lec;3.177;50.69;37 boulevard du général leclerc, roubaix;;;;;
332;115 rue jules ferry, saint-brieuc;115 rue jules fe;-2.77;48.5;115 rue jules ferry, saint-brieuc;;;;;
333;1 rue du pontin, nice;1 rue du pon;7.275;43.697;1 rue du pontin, nice;1 rue du pont vieux, nice;;;;
334;33, rue de la chapelle saint martin, haute-goulaine;33 rue de la chapelle saint mar;-1.43;47.191;33 rue de la chapelle saint-martin, undefined;;;;;
335;22, avenue puvis de chavannes, courbevoie;22 avenue puvis de chav;2.234;48.899;22 avenue puvis de chavannes, courbevoie;22 avenue de l'arche, courbevoie;;;;
336;2, rue des trois bornes, paris;2 rue des trois bor;2.372;48.866;2 rue des trois bornes, paris;;;;;
337;108, avenue de nice, cagnes-sur-mer;108 avenue de ni;7.177;43.661;108 avenue de nice, cagnes-sur-mer;;;;;
338;30 avenue du maréchal de lattre de tassigny, pessac;30 avenue du maréchal de lattre de tass;-0.694;44.78;30 avenue du maréchal de lattre de tassigny, pessac;30 avenue de verdun, cestas;30 avenue du port aérien, pessac;;;
339;2, place de l'hôpital, lyon;2 place de l'hô;4.836;45.759;2 place de l'hôpital, lyon;2 place amédée bonnet, lyon;2 place pascalon, lyon;2 place des célestins, lyon;2 place antonin poncet, lyon;
340;138 quai du port, marseille;138 quai du po;5.367;43.296;138 quai du port, marseille;;;;;
341;52 avenue de la porte de villiers, levallois-perret;52 avenue de la porte de vill;2.284;48.886;52 avenue de la porte de villiers, levallois-perret;;;;;
342;32, place de provence, guillaumes;32 place de prov;6.853;44.09;32 place de provence, undefined;;;;;
343;35, rue du loup, bordeaux;35 rue du lo;-0.573;44.838;35 rue du loup, bordeaux;;;;;
344;73, avenue marceau, paris;73 avenue mar;2.297;48.871;73 avenue marceau, paris;;;;;
345;rue des frênes, pannes;rue des frê;2.668;47.992;325 rue des frênes, undefined;425 rue des frênes, undefined;365 rue des frênes, undefined;420 rue des frênes, undefined;350 rue des frênes, undefined;
346;3, rue du pas saint-georges, bordeaux;3 rue du pas saint-;-0.572;44.84;3 rue du passage saint-georges, bordeaux;;;;;
347;10, cours gambetta, tarbes;10 cours gamb;0.073;43.232;10 cours gambetta, tarbes;;;;;
348;1 rue alfred nobel, sainte-marie;1 rue alfred no;3.024;42.731;1 rue alfred nobel, sainte-marie;;;;;
349;34 rue de verdun, suresnes;34 rue de ver;2.229;48.873;34 rue de verdun, suresnes;;;;;
350;62 rue breteuil, marseille;62 rue bret;5.377;43.288;62 rue breteuil, marseille;;;;;
351;3, place sainte catherine, lille;3 place sainte cath;3.057;50.639;3 place jacques louchart, lille;3 place pierre mendès france, lille;3 place gilleson, lille;3 place aux oignons, lille;;
352;219 boulevard de tournai, villeneuve-d'ascq;219 boulevard de tou;3.133;50.613;219 boulevard de tournai, villeneuve-d'ascq;;;;;
353;20 place bellecour, lyon;20 place bell;4.833;45.756;20 place bellecour, lyon;20 place antonin poncet, lyon;;;;
354;3 avenue de bohlen, vaulx-en-velin;3 avenue de boh;4.921;45.765;3 avenue de bohlen, vaulx-en-velin;3 avenue ampère, villeurbanne;3 avenue des canuts, vaulx-en-velin;;;
355;561, route du bout fleuri, paluel;561 route du bout fle;0.649;49.845;561 route du bout fleuri, undefined;;;;;
356;34, rue etienne d'orves, le pré-saint-gervais;34 rue etienne d'o;2.401;48.886;;;;;;
357;87 rue jean de la fontaine, paris;87 rue jean de la font;2.265;48.848;87 rue jean de la fontaine, paris;;;;;
358;69, rue de croulebarbe, paris;69 rue de croul;2.349;48.831;69 rue de croulebarbe, paris;;;;;
359;51 rue de merlan, noisy-le-sec;51 rue de mer;2.466;48.891;51 rue de merlan, noisy-le-sec;;;;;
360;13 rue des filatiers, toulouse;13 rue des fila;1.444;43.598;13 rue des filatiers, toulouse;;;;;
361;2 boulevard de la république, saint-cloud;2 boulevard de la répub;2.208;48.843;2 boulevard de la république, saint-cloud;;;;;
362;212 bis boulevard pereire, paris;212 bis boulevard per;2.287;48.88;;;;;;
363;6 avenue charles de gaulle, rochefort;6 avenue charles de gau;-0.96;45.935;6 avenue charles de gaulle, rochefort;6 avenue lafayette, rochefort;6 avenue de la fosse aux mats, rochefort;63-65 avenue charles de gaulle, rochefort;;
364;158 rue de bourgogne, orléans;158 rue de bour;1.912;47.901;158 rue de bourgogne, orleans;;;;;
365;148 boulevard jean jaurès, houilles;148 boulevard jean jau;2.204;48.922;148 boulevard jean jaurès, houilles;;;;;
366;173, boulevard saint-germain, paris;173 boulevard saint-;2.331;48.854;173 boulevard saint-germain, paris;;;;;
367;13, rue maréchal joffre, aix-en-provence;13 rue maréchal jof;5.453;43.527;13 rue maréchal joffre, aix-en-provence;;;;;
368;6, rue papillon, paris;6 rue papi;2.348;48.876;6 rue papillon, paris;;;;;
369;18, boulevard aristide briand, suresnes;18 boulevard aristide bri;2.202;48.863;18 boulevard aristide briand, suresnes;;;;;
370;2622 rue de lille, sainghin-en-mélantois;2622 rue de li;3.153;50.592;2622 rue de lille, villeneuve-d'ascq;;;;;
371;161 rue du levant, calvisson;161 rue du lev;4.202;43.783;161 rue du levant, calvisson;;;;;
372;1, rue montesquieu, nantes;1 rue monte;-1.566;47.213;1 rue montesquieu, nantes;;;;;
373;874, promenade charles de gaulle, six-fours-les-plages;874 promenade charles de gau;5.843;43.093;;;;;;
374;102 avenue des nations, yutz;102 avenue des nat;6.196;49.362;102 avenue des nations, yutz;;;;;
375;5 rue du maréchal juin, strasbourg;5 rue du maréchal ju;7.76;48.578;5 rue du maréchal juin, strasbourg;;;;;
376;13 place du concert, lille;13 place du con;3.061;50.642;13 place du concert, lille;13 place louise de bettignies, lille;13 place du lion d'or, lille;13 place des patiniers, lille;13 place jacques louchart, lille;
377;4 rue des brioleurs, saint-gatien-des-bois;4 rue des brio;0.19;49.347;4 rue des brioleurs, saint-gatien-des-bois;;;;;
378;16 rue des blanchers, toulouse;16 rue des blan;1.438;43.602;16 rue des blanchers, toulouse;;;;;
379;80b rue de la république, aubagne;80b rue de la répub;5.571;43.29;80b rue de la république, aubagne en provence;;;;;
380;1 rue keller, paris;1 rue kel;2.377;48.854;1 rue keller, paris;;;;;
381;81 rue léon frot, paris;81 rue léon fr;2.384;48.858;81 rue léon frot, paris;;;;;
382;108, boulevard du montparnasse, paris;108 boulevard du montpa;2.329;48.842;108 boulevard du montparnasse, paris;108 boulevard raspail, paris;;;;
383;1, chemin de vilaine, buzançais;1 chemin de vil;1.422;46.889;;;;;;
384;chemin du chêne, civrieux-d&#39;azergues;chemin du ch;4.707;45.858;14 chemin du chêne, civrieux-d'azergues;10 chemin du chêne, civrieux-d'azergues;12 chemin du chêne, civrieux-d'azergues;3 chemin du chêne, civrieux-d'azergues;16 chemin du chêne, civrieux-d'azergues
385;5, place notre dame du mont, marseille;5 place notre dame du mo;5.384;43.292;5 place notre-dame du mont, marseille;5 place paul cézanne, marseille;5 place de rome, marseille;5 place félix baret, marseille;5 place jean jaurès, marseille;
386;69, rue des dames, paris;69 rue des da;2.321;48.884;69 rue des dames, paris;;;;;
387;129 cours de l&#39;argonne, bordeaux;129 cours de l&#39;;-0.577;44.827;;;;
388;231, avenue porte des alpes, le plan-du-var;231 avenue porte des al;7.197;43.858;231 avenue porte des alpes, undefined;;;;;
389;22, rue daubenton, paris;22 rue daub;2.354;48.841;22 rue daubenton, paris;;;;;
390;34 rue saint-barthélémy, melun;34 rue saint-ba;2.656;48.542;34 rue saint-barthélemy, melun;;;;;
391;9 place du vieux marché, rouen;9 place du vieux mar;1.088;49.443;9 place du vieux marche, rouen;9 place de la pucelle d'orléans, rouen;;;;
392;14, faubourg rivotte, besançon;14 faubourg riv;6.034;47.232;14 faubourg rivotte, besancon;;;;;
393;18, rue joseph vernet, avignon;18 rue joseph ver;4.804;43.95;18 rue joseph vernet, avignon;;;;;
394;69 rue guillaume puy, avignon;69 rue guillaume p;4.814;43.945;69 rue guillaume puy, avignon;;;;;
395;24 avenue de la république, paris;24 avenue de la répub;2.37;48.866;24 avenue de la république, paris;;;;;
396;1, rue damrémont, paris;1 rue damr;2.332;48.887;1 rue damrémont, paris;;;;;
397;64 rue daguerre, paris;64 rue dagu;2.327;48.835;64 rue daguerre, paris;;;;;
398;62 rue césaria évora, paris;62 rue césaria év;2.374;48.898;62 rue césaria évora, paris;62 rue cesaria evora, paris;;;;
399;39 avenue galois, bourg-la-reine;39 avenue gal;2.322;48.777;39 avenue galois, bourg-la-reine;39 avenue de la république, bourg-la-reine;39 avenue du petit chambord, bourg-la-reine;39 avenue de lattre de tassigny, bourg-la-reine;39 avenue du château, bourg-la-reine;
400;45 rue brancion, paris;45 rue bran;2.304;48.834;45 rue brancion, paris;;;;;
401;5 rue ambroise pauffert, neuville-sur-saône;5 rue ambroise pauf;4.84;45.876;5 rue ambroise pauffert, neuville-sur-saône;;;;;
402;5 impasse des sables, merry-sur-yonne;5 impasse des sab;3.646;47.563;5 impasse des sables, undefined;;;;;
403;89 rue lemercier, paris;89 rue leme;2.32;48.889;89 rue lemercier, paris;;;;;
404;21, avenue baille, marseille;21 avenue bai;5.387;43.287;21 avenue de toulon, marseille;21 avenue du prado, marseille;21 avenue de corinthe, marseille;;;
405;17 rue carnot, bois-colombes;17 rue car;2.269;48.914;17 rue carnot, bois-colombes;;;;;
406;8, rue saint-hilaire ( la-varenne-saint-hilaire), saint-maur-des-fossés;8 rue saint-hilaire ( la-varenne-s;2.514;48.793;;;;;;
407;97 avenue d'aquitaine, sainte-eulalie, france, carbon-blanc;97 avenue d'aquitaine sainte-eulalie, fra;-0.507;44.891;;;;;;
408;8 rue du doyenné, le mans;8 rue du doy;0.198;48.009;8 rue du doyenne, le mans;;;;;
409;123 rue des landes, plaisance-du-touch;123 rue des lan;1.247;43.552;;;;;;
410;52 rue la fayette, paris;52 rue la fay;2.341;48.875;52 rue la fayette, paris;;;;;
411;95 rue montaigne, marseille;95 rue mont;5.417;43.304;;;;;;
412;28 avenue de paris, soisy-sous-montmorency;28 avenue de pa;2.293;48.99;28 avenue de paris, soisy-sous-montmorency;28 avenue des violettes, soisy-sous-montmorency;28 avenue des bleuets, soisy-sous-montmorency;28 avenue des myosotis, soisy-sous-montmorency;28 avenue du muguet, soisy-sous-montmorency;
413;130 quai du port, marseille;130 quai du po;5.368;43.296;130 quai du port, marseille;;;;;
414;15 boulevard de la corniche, annecy, france, annecy;15 boulevard de la corniche annecy, fra;6.137;45.89;;;;;;
415;13, boulevard carnot, valbonne;13 boulevard car;7.008;43.642;13 boulevard carnot, valbonne;;;;;
416;42 route de galice, aix-en-provence, france, 13090 aix-en-provence;42 route de galice aix-en-provence, fra;5.425;43.531;;;;;;
417;17, rue saint-rémi, bordeaux;17 rue saint;-0.571;44.841;17 rue saint-rémi, bordeaux;17 rue parlement saint-pierre, bordeaux;17 rue saint-siméon, bordeaux;17 rue sainte-colombe, bordeaux;17 rue saint-james, bordeaux;
418;3 rue amédée viii de savoie, saint-julien-en-genevois;3 rue amédée viii de sav;6.081;46.144;3 rue amédée viii de savoie, saint-julien-en-genevois;;;;;
419;80, rue meynadier le suquet, cannes;80 rue meynadier le suq;7.012;43.552;;;;;;
420;140 avenue de saint-ouen, paris;140 avenue de saint;2.329;48.896;140 avenue de saint-ouen, paris;;;;;
421;11 rue charles pierrugues, mandelieu-la-napoule;11 rue charles pierr;6.941;43.523;11 rue charles pierrugues, mandelieu-la-napoule;;;;;
422;35 rue de la roquette, paris-11e-arrondissement;35 rue de la roqu;2.373;48.855;35 rue de la roquette, paris;;;;;
423;rue des arceaux, angoulême;rue des arc;0.158;45.649;14 rue des arceaux, angulema;12 rue des arceaux, angulema;9 rue des arceaux, angulema;5 rue des arceaux, angulema;2 rue des arceaux, angulema;
424;20, rue des halles, paris;20 rue des hal;2.346;48.86;20 rue des halles, paris;;;;;
425;59, rue boulainvilliers, paris;59 rue boulain;2.275;48.858;59 rue de boulainvilliers, paris;;;;;
426;55, rue du faubourg montmartre, paris;55 rue du faubourg montm;2.34;48.876;55 rue du faubourg montmartre, paris;;;;;
427;7 avenue de saint-germain, maisons-laffitte;7 avenue de saint-;2.144;48.945;7 avenue de saint-germain, maisons-laffitte;7 avenue du général de gaulle, maisons-laffitte;7 avenue de longueil, maisons-laffitte;7 avenue lavoisier, maisons-laffitte;7 avenue tronchet, maisons-laffitte;
428;104, rue de lille, mouvaux;104 rue de li;3.132;50.699;104 rue de lille, mouvaux;;;;;
429;602 rue louis saint-just, saint-maximin;602 rue louis saint;2.472;49.245;602 rue louis saint-just, creil;;;;;
430;2, place de lisbonne - centre commercial odysseum, montpellier;2 place de lisbonne - centre commercial odys;3.92;43.605;2 place de lisbonne, montpellier;;;;;
431;58, rue vasco de gama, paris;58 rue vasco de ga;2.284;48.836;58 rue vasco de gama, paris;;;;;
432;10 rue des tonneliers, bayonne;10 rue des tonne;-1.474;43.49;10 rue des tonneliers, bayonne;;;;;
433;40 route de frangy, meythet;40 route de fra;6.092;45.915;40 route de frangy, meythet;;;;;
434;153 rue de lourmel, paris, france, paris;153 rue de lourmel paris, fra;2.284;48.84;;;;;;
435;29 rue de l'exposition, paris;29 rue de l'expo;2.303;48.857;29 rue de l'exposition, paris;;;;;
436;309 rue de la belle étoile zac de roissy paris nord 2, roissy-en-france;309 rue de la belle étoile zac de roissy paris nord ;2.512;48.989;;;;;;
438;2 place de la chapelle neuve, montpellier;2 place de la chapelle ne;3.879;43.613;2 place de la chapelle neuve, montpellier;2 place pétrarque, montpellier;2 place du marche aux fleurs, montpellier;2 place jean jaurès, montpellier;2 place des beaux-arts, montpellier;
439;4 cours jean jaurès, grenoble;4 cours jean jau;5.72;45.192;4 cours jean jaurès, grenoble;;;;;
440;3 rue basse, verneuil-sur-seine;3 rue ba;1.976;48.981;3 rue basse, verneuil-sur-seine;3 rue de bazincourt, verneuil-sur-seine;;;;
441;8, rue majour, brive-la-gaillarde;8 rue maj;1.532;45.16;8 rue majour, brive-la-gaillarde;;;;;
442;3, rue des faussets, bordeaux;3 rue des faus;-0.57;44.841;3 rue des faussets, bordeaux;;;;;
443;2 rue ramey, paris;2 rue ra;2.348;48.887;2 rue ramey, paris;;;;;
444;38, rue de cambrai, lille;38 rue de cam;3.071;50.624;38 rue de cambrai, lille;;;;;
445;22 place henri brousse, meudon;22 place henri bro;2.241;48.808;;;;;;
446;36 rue de bagnolet, paris;36 rue de bagn;2.398;48.857;36 rue de bagnolet, paris;;;;;
447;43, rue castillon, toulon;43 rue cast;5.94;43.11;43 rue castillon, toulon;;;;;
448;37 6-39, rue pierre-henri mauger, contres;37 6-39 rue pierre-henri mau;1.429;47.419;;;;;;
449;30 passage de la bourgade, biot;30 passage de la bour;7.097;43.628;30 passage de la bourgade, biot;;;;;
450;168 cours berriat, grenoble;168 cours ber;5.705;45.189;168 cours berriat, grenoble;;;;;
451;20 place charles de gaulle, saint-germain-en-laye;20 place charles de gau;2.095;48.897;20 place charles de gaulle, saint-germain-en-laye;;;;;
452;132 rue lecourbe, paris;132 rue leco;2.301;48.842;132 rue lecourbe, paris;;;;;
453;90 cours de vincennes, paris;90 cours de vinc;2.407;48.847;90 cours de vincennes, paris;;;;;
454;27 avenue armand guillebaud, antony;27 avenue armand guill;2.307;48.749;27 avenue armand guillebaud, antony;27 avenue du 11 novembre, antony;27 avenue des giroflées, antony;27 avenue rené morin, antony;27 avenue jules ferry, antony;
455;6, rue etienne marcel, paris;6 rue etienne mar;2.35;48.864;6 rue etienne marcel, paris;6 rue étienne marcel, paris;;;;
456;43 avenue de la gare, sarlat-la-canéda;43 avenue de la ga;1.219;44.878;43 avenue de la gare, sarlat-la-canéda;;;;;
457;33 rue de la borie, égletons;33 rue de la bo;2.047;45.401;33 rue de la borie, égletons;;;;;
458;5, grand rue, logelheim;5 grand r;7.408;48.021;5 grand-rue, sainte-croix-en-plaine;;;;;
459;3 rue du port, cherbourg-en-cotentin;3 rue du po;-1.622;49.64;3 rue du port (cherbourg-octeville), cherbourg-octeville;;;;;
460;117, rue monge, paris;117 rue mo;2.351;48.839;117 rue monge, paris;117 rue mouffetard, paris;;;;
461;15 avenue de saria, serris;15 avenue de sa;2.791;48.842;15 avenue de saria, serris;15 avenue christian doppler, undefined;;;;
462;intermarché, grigny; inter;4.782;45.604;;;;;;
463;58 rue du maréchal foch, loos;58 rue du maréchal fo;3.018;50.615;58 rue du maréchal foch, loos;;;;;
464;8 rue amédée bolle, sainte-croix-en-plaine;8 rue amédée bo;7.377;48.017;8 rue amédée bolle, sainte-croix-en-plaine;8 rue amedee bollee, sainte-croix-en-plaine;;;;
465;43, rue du général de gaulle, niederbronn-les-bains;43 rue du général de gau;7.646;48.95;43 rue du général de gaulle, niederbronn-les-bains;;;;;
466;7, place surian, vence;7 place sur;7.114;43.722;7 place surian, vence;7 place antony mars, vence;7 place clemenceau, vence;7 place godeau, vence;7 place de la rouette, vence;
467;27, rue thiers, givet;27 rue thi;4.826;50.138;27 rue thiers, givet;;;;;
468;9, place des martyrs de la résistance, lesparre-médoc;9 place des martyrs de la résis;-0.945;45.304;9 place martyrs de la résistance, undefined;9 place gambetta, lesparre-médoc;;;;
469;4 rue violet, paris;4 rue vio;2.295;48.85;4 rue violet, paris;;;;;
470;7, rue brochant, paris;7 rue broc;2.317;48.888;7 rue brochant, paris;;;;;
471;le moulin, conques;le mou;2.441;44.581;;;;;;
472;251 rue gallieni, boulogne-billancourt;251 rue gall;2.227;48.835;251 rue gallieni, boulogne-billancourt;;;;;
473;46 passage clemenceau, vichy;46 passage cleme;3.423;46.125;46 passage clemenceau, vichy;;;;;
474;7 rue de la duchesse d'uzès, boursault;7 rue de la duchesse d'u;3.847;49.06;7 rue de la duchesse d'uzès, undefined;;;;;
475;12 quai des célestins, paris;12 quai des céle;2.361;48.852;12 quai des célestins, paris;;;;;
476;2 rue jean corringer, vigneux-sur-seine, france, vigneux-sur-seine;2 rue jean corringer vigneux-sur-seine, fra;2.423;48.706;;;;;;
477;12 rue dante, nice;12 rue da;7.254;43.696;12 rue dante, nice;;;;;
478;1 rue du faubourg saint-antoine, paris;1 rue du faubourg saint-;2.371;48.853;1 rue du faubourg saint-antoine, paris;;;;;
479;route de manosque, la bastide-des-jourdans;route de mano;5.64;43.786;8 route de manosque, undefined;;;;;
480;46, rue de la balance, avignon;46 rue de la bal;4.806;43.952;46 rue de la balance, avignon;;;;;
481;27 grand rue, lodève;27 grand r;3.32;43.731;27 grand-rue, lodève;;;;;
482;275, route de saint antoine ginestière, nice;275 route de saint antoine gines;7.217;43.707;;;;;;
483;10-12, boulevard maréchal foch, beaune;10-12 boulevard maréchal fo;4.836;47.027;;;;;;
484;place maurice faure, romans-sur-isère;place maurice fa;5.049;45.043;14 place maurice faure, romans-sur-isère;16 place maurice faure, romans-sur-isère;18 place maurice faure, romans-sur-isère;12 place maurice faure, romans-sur-isère;13 place maurice faure, romans-sur-isère;
485;18, place du château, jonzac;18 place du châ;-0.432;45.446;18 place fillaudeau, jonzac;18 place du château, jonzac;18 place de l'église, jonzac;;;
486;27 boulevard de la république, chalon-sur-saône;27 boulevard de la répub;4.849;46.783;27 boulevard de la république, chalon-sur-saône;;;;;
487;55 boulevard de vaugirard, paris;55 boulevard de vaug;2.317;48.841;55 boulevard de vaugirard, paris;55 boulevard pasteur, paris;;;;
488;28 rue du cardinal lemoine, paris;28 rue du cardinal lem;2.353;48.848;28 rue du cardinal lemoine, paris;28b rue du cardinal lemoine, paris;;;;
489;8 rue botanique, angers;8 rue bota;-0.547;47.474;8 rue botanique, angers;;;;;
490;13 rue lagrange, paris;13 rue lagr;2.348;48.851;13 rue lagrange, paris;;;;;
491;route nationale 96 quartier des vieilles tuileries, peyrolles-en-provence;route nationale 96 quartier des vieilles tuil;5.599;43.648;;;;;;
492;20 rue jules horowitz, saint paul lès durance;20 rue jules horo;5.734;43.694;20 rue jules horowitz, undefined;;;;;
493;5, rue des vieux moulins, meaux;5 rue des vieux mou;2.877;48.96;5 rue des vieux moulins, meaux;;;;;
494;11 paris, seillons-source-d&#39;argens;11 pa;5.898;43.495;;;;;
495;5 rue marchand, corbeil-essonnes;5 rue marc;2.467;48.604;5 rue marchand, corbeil-essonnes;;;;;
496;29 rue sambre-et-meuse, paris;29 rue sambre-;2.373;48.875;29 rue de sambre-et-meuse, paris;;;;;
497;boulevard louison bobet, quiberon;boulevard louison bo;-3.104;47.481;;;;;;
498;la cerce, sauvigny-le-bois;la ce;3.967;47.497;2 hameau de la cerce, undefined;6 hameau de la cerce, undefined;1 hameau de la cerce, undefined;;;